Domain,Domain rating
www.resumebuilder.com,74
www.resume.com,70
www.canva.com,92
www.indeed.com,92
www.myperfectresume.com,74
www.adobe.com,96
resume.io,75
www.reddit.com,
www.quora.com,
zety.com,78
resumebuild.com,71
scoir.helpdocs.io,80
novoresume.com,75
www.resume-now.com,64
resume.co,30
create.microsoft.com,96
www.jobseeker.com,63
app.resumebuilder.com,74
play.google.com,96
www.rezi.ai,62
enhancv.com,72
www.kickresume.com,74
www.jobscan.co,75
applieddigitalskills.withgoogle.com,73
www.tealhq.com,65
www.careervillage.org,66
help.usajobs.gov,84
support.microsoft.com,96
www.livecareer.com,77
myfuture.com,60
leetcode.com,83
resumegenius.com,74
careers.gmu.edu,86
www.w3schools.com,92
discussions.apple.com,97
career.io,37
www.gotresumebuilder.com,63
rocket-resume.com,14
career.ucsd.edu,90
career.ucsb.edu,88
www.resumai.com,36
www.cnet.com,92
www.mdc.edu,74
arizonaatwork.com,57
standardresume.co,64
careerservices.fas.harvard.edu,93
www.resetera.com,73
www.randstadusa.com,74
www.resumonk.com,58
www.hiration.com,55
www.careerservices.txst.edu,78
www.resumegiants.com,43
www.resumehelp.com,54
www.youtube.com,99
www.resumetarget.com,40
joinhandshake.com,80
hicounselor.com,24
www.aamu.edu,71
www.linkedin.com,98
careercenter.temple.edu,85
www.weebly.com,94
hyresnap.com,12
www.wonsulting.ai,30
flowcv.com,58
nodeflair.com,37
resumaker.ai,46
help.xello.world,63
www.amazon.com,96
www.themuse.com,86
europass.europa.eu,96
careers.utpb.edu,70
www.visualcv.com,76
instaresume.io,4
career.fiu.edu,84
apna.co,56
www.overleaf.com,78
www.cvwizard.com,63
www.jobhero.com,67
blog.hubspot.com,93
careercenter.fresnostate.edu,75
www.uwp.edu,68
nextsteps.idaho.gov,88
resumelab.com,71
www.jasper.ai,84
www.wix.com,95
pro.kudoswall.com,34
huntr.co,49
gradcareers.nd.edu,86
www.etsy.com,94
grad.illinois.edu,90
gdoc.io,38
www.goodcv.com,37
creativemarket.com,88
greglangstaff.com,6
www.careers.govt.nz,72
www.utmb.edu,76
www.notion.so,91
careertools.binghamton.edu,80
www.seek.com.au,86
students-residents.aamc.org,84
www.figma.com,91
www.preplounge.com,50
www.cv-template.com,29
www.buffalo.edu,85
www.wonsulting.com,51
www.southeastern.edu,71
ocs.yale.edu,91
www.aafp.org,86
www.recruiters.ie,36
www.reed.co.uk,78
www.beamjobs.com,59
www.umassmed.edu,81
www.hloom.com,67
www.uc.edu,84
careerservices.cns.utexas.edu,90
www.behance.net,94
www.wozber.com,45
www.pinterest.com,97
github.com,96
careerservices.upenn.edu,91
www.collinsmcnicholas.ie,37
www.roberthalf.com,83
www.freepik.com,92
elements.envato.com,91
careers.dasa.ncsu.edu,89
career.uci.edu,90
career-advice.jobs.ac.uk,73
www.cvmaker.com,49
www.vertex42.com,73
tenk.fi,59
www.hays.de,70
resumeworded.com,64
faangpath.com,23
ccd.rice.edu,85
www.resumecoach.com,52
pages.devex.com,81
www.ypicrew.com,34
provost.utdallas.edu,81
www.aip.org,86
www.prospects.ac.uk,78
www.hays.net.nz,47
www.futurelearn.com,84
capd.mit.edu,92
au.prosple.com,62
apps.apple.com,97
www.illinois.gov,90
rxresu.me,57
www.davron.net,26
cultivatedculture.com,61
www.wrksolutions.com,57
myseco.militaryonesource.mil,82
www.lawdepot.com,75
www.markle.org,65
www.jobbank.gc.ca,80
www.open-resume.com,29
www.careerflow.ai,38
www.qureos.com,52
resumetrick.com,35
skillroads.com,57
www.resumemaker.online,39
www.resumeblaze.com,47
www.resumebuilder.org,41
www.caringsupport.com,27
creddle.io,63
hschoolresume.com,4
designs.ai,73
www.resumatic.ai,5
www.designhill.com,79
venngage.com,85
www.degreeforum.net,42
thegoodocs.com,53
docs.google.com,96
smashingdocs.com,19
www.careerreload.com,32
support.google.com,96
myresumestar.com,37
resumeboostai.com,18
www.hrchief.com,35
miodocs.com,0
www.geeksforgeeks.org,86
inbullseye.com,2
www.topresume.com,75
www.digitaltrends.com,90
www.freesumes.com,51
wise.com,85
www.fancy-resumes.com,31
www.getlanded.com,26
www.template.net,78
www.teacherspayteachers.com,87
www.theskimm.com,77
medium.com,94
masterbundles.com,72
www.naukri.com,83
www.wps.com,75
www.businessinsider.com,92
www.paddyjobsman.com,1
standout-cv.com,71
www.betterteam.com,75
uk.indeed.com,92
bootcamp.uxdesign.cc,85
money.usnews.com,91
dribbble.com,93
business.tutsplus.com,88
www.cakeresume.com,78
www.howtogeek.com,89
graphicdesignjunction.com,67
www.zippia.com,87
www.creativefabrica.com,80
www.tiktok.com,96
wisedoc.net,11
gridfiti.com,59
www.designer-daily.com,73
wordable.io,75
designshack.net,78
workspace.google.com,91
smallbusiness.chron.com,90
www.easyresume.io,30
www.wikihow.com,91
www.businessnewsdaily.com,88
www.forbes.com,94
www.coursera.org,91
hbr.org,92
www.thecut.com,88
www.careereducation.columbia.edu,91
community.canvaslms.com,79
www.wordtune.com,75
www.wsj.com,92
www.roguecc.edu,58
portal.ct.gov,90
owl.purdue.edu,90
writestylesonline.com,24
www.gsd.harvard.edu,93
join.tts.gsa.gov,89
www.monster.com,86
koreanstudies.com,25
www.careercenter.illinois.edu,90
careerhub.ufl.edu,90
tech.co,82
help.resume.io,75
careercenter.umich.edu,91
studentaffairs.psu.edu,91
www.dgs.ca.gov,93
elementor.com,91
www.betterup.com,81
www.dropboxforum.com,70
www.hays.com.au,66
career.berkeley.edu,91
jobs.gartner.com,91
www.youthcentral.vic.gov.au,70
www.glassdoor.com,91
kamaratoffolo.com,14
www.militaryonesource.mil,82
www.fidelity.com,86
www.washington.edu,91
www.goskills.com,71
www.resumenerd.ai,
vetsresumebuilder.appspot.com,35
www.fullerton.edu,79
aiapply.co,33
skillsfirst.com,35
simplify.jobs,43
zapier.com,91
www.pongoresume.com,42
www.resumenerd.com,44
lazyapply.com,51
books.google.com,91
myoutshine.com,2
chatgpt.com,90
resumedone.co,27
builder.resume.co,
www.serviceacademyforums.com,
careercenter.missouristate.edu,77
career.uga.edu,88
careerdocs.charlotte.edu,79
cdo.som.yale.edu,91
www.000webhost.com,91
forum.freecodecamp.org,88
vault.com,76
cdn-careerservices.fas.harvard.edu,93
www.zipjob.com,61
career.vt.edu,88
www.thiswaytocpa.com,67
www.uwosh.edu,74
skillhub.com,63
www.ithaca.edu,76
gmatclub.com,59
www.fit.edu,76
orfalea.calpoly.edu,81
aip.ucsd.edu,90
www.sec.gov,92
icc.ucdavis.edu,90
career.sa.ua.edu,83
ascc.wsu.edu,87
careerhub.students.duke.edu,90
www.towson.edu,77
careers.lmu.edu,78
careernetwork.msu.edu,90
www.resumeprofessionalwriters.com,34
careercenter.tamu.edu,90
careers.ucr.edu,84
careers.umd.edu,90
careercenter.risd.edu,78
www.shrm.org,90
cla.umn.edu,91
www.ggc.edu,64
careers.uw.edu,87
wmich.edu,80
www.csusb.edu,77
www.zendesk.com,93
www.theladders.com,81
cvcompiler.com,37
www.ju.edu,70
law.yale.edu,91
careers.usc.edu,90
careercenter.unt.edu,84
careercenter.georgetown.edu,89
careerwise.minnstate.edu,72
www.kent.edu,81
www.flexjobs.com,84
www.jmu.edu,80
case.edu,84
dol.ny.gov,91
www.american.edu,84
www.wheaton.edu,75
hr.ucdavis.edu,90
career.uconn.edu,86
careerengagement.utexas.edu,90
edu.gcfglobal.org,80
theinterviewguys.com,58
graphicriver.net,85
www.michaelpage.com,60
careered.stanford.edu,92
www.careers.jnj.com,85
www.mass.edu,80
www.computer.org,84
english.washington.edu,91
careerdevelopment.princeton.edu,91
www.linuxquestions.org,75
ask.metafilter.com,77
answers.microsoft.com,96
www.appypie.com,82
forums.photographyreview.com,53
www.resumemaker.in,7
www.individualsoftware.com,60
www.workruit.com,30
www.intelligentcv.app,14
www.mindluster.com,30
www.visme.co,86
www.ebay.com,92
cvbuilder.me,49
latexresu.me,20
shriresume.com,34
prepory.com,38
www.animaker.com,75
premiumresumemaker.com,2
www.mycvcreator.com,42
bestonlineresume.com,2
sarkariresult.tools,37
www.myamcat.com,62
fuckcombustion.com,43
www.resumeground.com,0
wepik.com,75
resumegenius.co,
www.youscience.com,57
www.concorde.edu,56
forum.skill.jobs,30
www.aztechcouncil.org,62
www.bu.edu,89
meetsalmela.com,4
www.dice.com,81
www.stjohns.edu,76
www.redcross.org,90
www.enmu.edu,67
www.ramseysolutions.com,84
www.resumeway.com,47
eller.arizona.edu,89
bestcompaniesaz.com,57
www.roberthalf.com.hk,46
www.doi.gov,84
www.naceweb.org,78
www.grammarly.com,90
www.memphis.edu,78
www.newsweek.com,91
www.careercontessa.com,72
www.investopedia.com,92
skillsyncer.com,39
www.cnbc.com,92
jobs.utah.gov,90
hoteltechreport.com,74
www.fastcompany.com,91
careers.byu.edu,87
careers.ucsc.edu,86
forums.envato.com,91
herfirst100k.com,68
careerservices.wvu.edu,83
oss.wisc.edu,91
workhap.com,26
studentemployment.charlotte.edu,79
ansci.osu.edu,90
thefutur.com,73
undergradcareers.nd.edu,86
www.tmcf.org,76
management.buffalo.edu,85
careercenter.utsa.edu,79
store.ramseysolutions.com,84
career.gatech.edu,88
cse.umn.edu,91
www.unomaha.edu,78
www.bc.edu,85
www.brandeis.edu,82
www.stetson.edu,75
hireacane.miami.edu,85
www.unh.edu,84
mergersandinquisitions.com,59
en.wikipedia.org,96
www.careeronestop.org,83
www.yahoo.com,
www.arabnews.com,
www.dictionary.com,90
www.askamanager.org,73
www.wm.edu,82
writing.wisc.edu,91
www.nj.gov,90
careers.las.iastate.edu,87
www.colorado.edu,89
career.virginia.edu,89
cdle.colorado.gov,90
iml.esm.rochester.edu,88
www.neeley.tcu.edu,78
studentsuccess.utk.edu,84
resources.depaul.edu,81
www.fgcu.edu,74
careerservices.illinoisstate.edu,78
gradschool.cornell.edu,92
www.dla.mil,80
www.vanderbilt.edu,87
www.uwb.edu,72
www.career.fsu.edu,86
stackoverflow.blog,80
www.ala.org,86
www.calhr.ca.gov,93
www.resume-help.io,
